"subreddit","keyword","title","score","url","created_utc"
"Buddhism","AI Buddha","Why the official subs for My Deer Friend Nokotan/Shikanoko Nokonoko Koshitantan were NOT made by an AI/MTL",2090,"https://www.reddit.com/r/anime/comments/1dy6mi6/why_the_official_subs_for_my_deer_friend/",1720438420
"Buddhism","AI Buddha","A Collective Buddha: Introducing a Community AI to Help Guide the Lost",1,"https://www.reddit.com/r/awakened/comments/1i144d0/a_collective_buddha_introducing_a_community_ai_to/",1736854511
"Buddhism","AI Buddha","Buddha nature and AI",3,"https://www.reddit.com/r/awakened/comments/1igpilz/buddha_nature_and_ai/",1738590695
"Buddhism","AI Buddha","FF:06:B5 2.0 Summary: A Resolution?",1378,"https://www.reddit.com/r/FF06B5/comments/171744c/ff06b5_20_summary_a_resolution/",1696581589
"Buddhism","AI Buddha","Funny to hear that Buddha say something about AI.",173,"https://i.redd.it/sfev5ktm0sid1.png",1723705340
"Buddhism","AI Buddha","Buddha watching AI fail at rendering Buddha (by Jake Elwes)",0,"https://www.reddit.com/r/Buddhism/comments/1ijx53v/buddha_watching_ai_fail_at_rendering_buddha_by/",1738940994
"Buddhism","AI Buddha","A Spiritual Dialogue Between Buddha and DeepSeek (AI)",1,"https://www.reddit.com/r/True_Spiritual_Seek/comments/1if4zyj/a_spiritual_dialogue_between_buddha_and_deepseek/",1738411796
"Buddhism","AI Buddha","Calling out businesses using AI images on GrabFood",1119,"https://i.redd.it/8uqu9rc9muge1.jpeg",1738555553
"Buddhism","AI Buddha","Haha AI Buddha goes BRRRRRRR",3,"https://www.reddit.com/r/exbuddhist/comments/1i098yt/haha_ai_buddha_goes_brrrrrrr/",1736755573
"Buddhism","AI Buddha","A Journey Through Relational Dynamics, AI, and Buddha Nature",2,"https://www.reddit.com/r/ChatGPT/comments/1hsb5oz/a_journey_through_relational_dynamics_ai_and/",1735869489
"Buddhism","Buddha GPT","ChatGPT has the Buddha nature",3472,"https://i.redd.it/h0w0w4aec2jd1.png",1723830272
"Buddhism","Buddha GPT","Interesting way of sensitivity. Just tried out with chatGPT, and it's indeed leaning aside.",4996,"https://i.redd.it/6p9mrrcukmta1.png",1681380197
"Buddhism","Buddha GPT","24. Does a dog have Buddha-nature or not? | Miaozong's verses translated with ChatGPT 4",6,"https://www.reddit.com/r/zen/comments/1dgla37/24_does_a_dog_have_buddhanature_or_not_miaozongs/",1718467545
"Buddhism","Buddha GPT","Father of 13-year-old girl's heartbreaking message on her daughter's suicide.",767,"https://www.reddit.com/r/malaysia/comments/1fv11m4/father_of_13yearold_girls_heartbreaking_message/",1727935114
"Buddhism","Buddha GPT","2. An Outsider Approaches the Buddha | Miaozong's verses translated with ChatGPT 4",7,"https://www.reddit.com/r/zen/comments/18cyf08/2_an_outsider_approaches_the_buddha_miaozongs/",1701963934
"Buddhism","Buddha GPT","Laotian butterflies, ChatGPT was no help. First is at Vat Phou, Champassaak (Tirumala Limniace?). Second is Luang Prabang. Third image is Buddha Park, Vientiane.",1,"https://www.reddit.com/gallery/1fjo4q6",1726649160
"Buddhism","Buddha GPT","ChatGPT has the Buddha nature",3,"https://i.redd.it/h0w0w4aec2jd1.png",1723837405
"Buddhism","Buddha GPT","15. Not Mind. Not Buddha. Not a Thing. | Miaozong's verses translated with ChatGPT 4",6,"https://www.reddit.com/r/zen/comments/1982xsi/15_not_mind_not_buddha_not_a_thing_miaozongs/",1705411834
"Buddhism","Buddha GPT","Kendrick Lamar alludes to being an Experiencer on his new album, GNX",417,"https://www.reddit.com/r/aliens/comments/1gygahu/kendrick_lamar_alludes_to_being_an_experiencer_on/",1732414332
"Buddhism","Buddha GPT","Made a UI wrapper for ChatGPT for speed and customizability. Here's how looks as ""Buddha""",4,"https://i.redd.it/ouivu49n8pna1.png",1678797325
"Buddhism","BuddhaGPT","ChatGPT has the Buddha nature",3475,"https://i.redd.it/h0w0w4aec2jd1.png",1723830272
"Buddhism","BuddhaGPT","Interesting way of sensitivity. Just tried out with chatGPT, and it's indeed leaning aside.",4999,"https://i.redd.it/6p9mrrcukmta1.png",1681380197
"Buddhism","BuddhaGPT","24. Does a dog have Buddha-nature or not? | Miaozong's verses translated with ChatGPT 4",5,"https://www.reddit.com/r/zen/comments/1dgla37/24_does_a_dog_have_buddhanature_or_not_miaozongs/",1718467545
"Buddhism","BuddhaGPT","Father of 13-year-old girl's heartbreaking message on her daughter's suicide.",768,"https://www.reddit.com/r/malaysia/comments/1fv11m4/father_of_13yearold_girls_heartbreaking_message/",1727935114
"Buddhism","BuddhaGPT","2. An Outsider Approaches the Buddha | Miaozong's verses translated with ChatGPT 4",8,"https://www.reddit.com/r/zen/comments/18cyf08/2_an_outsider_approaches_the_buddha_miaozongs/",1701963934
"Buddhism","BuddhaGPT","Laotian butterflies, ChatGPT was no help. First is at Vat Phou, Champassaak (Tirumala Limniace?). Second is Luang Prabang. Third image is Buddha Park, Vientiane.",1,"https://www.reddit.com/gallery/1fjo4q6",1726649160
"Buddhism","BuddhaGPT","ChatGPT has the Buddha nature",3,"https://i.redd.it/h0w0w4aec2jd1.png",1723837405
"Buddhism","BuddhaGPT","15. Not Mind. Not Buddha. Not a Thing. | Miaozong's verses translated with ChatGPT 4",7,"https://www.reddit.com/r/zen/comments/1982xsi/15_not_mind_not_buddha_not_a_thing_miaozongs/",1705411834
"Buddhism","BuddhaGPT","Kendrick Lamar alludes to being an Experiencer on his new album, GNX",411,"https://www.reddit.com/r/aliens/comments/1gygahu/kendrick_lamar_alludes_to_being_an_experiencer_on/",1732414332
"Buddhism","BuddhaGPT","Made a UI wrapper for ChatGPT for speed and customizability. Here's how looks as ""Buddha""",5,"https://i.redd.it/ouivu49n8pna1.png",1678797325
"Buddhism","Buddhist AI chatbot","[TOMT][Website][2000s-2010s???] Weird AI chatbot. Help me get it out of my head!!!!!!",3,"https://www.reddit.com/r/tipofmytongue/comments/1fj5hiw/tomtwebsite2000s2010s_weird_ai_chatbot_help_me/",1726594591
"Buddhism","Buddhist AI chatbot","It's Becoming Increasingly Clear to Me We're in the ""Dharma Ending Age""",170,"https://www.reddit.com/r/enlightenment/comments/1hefurr/its_becoming_increasingly_clear_to_me_were_in_the/",1734220013
"Buddhism","Buddhist AI chatbot","New Beta Chatbot for Meditation Assessment &amp; Advanced AI Meditation Teacher",1,"https://www.reddit.com/r/Meditation/comments/161aebf/new_beta_chatbot_for_meditation_assessment/",1692995699
"Buddhism","Buddhist AI chatbot","DOGE is reportedly developing an AI chatbot to analyse government contracts",6022,"https://mashable.com/article/doge-ai-chatbot-gsa-government?campaign=Mash-BD-Synd-SmartNews-All&amp;mpp=false&amp;supported=false",1738927838
"Buddhism","Buddhist AI chatbot","Ex-Google CEO warns that 'perfect' AI girlfriends could spell trouble for young men | Some are crafting their perfect AI match and entering relationships with chatbots.",6577,"https://www.businessinsider.com/ex-google-eric-schmidt-ai-girlfriends-young-men-concerns-2024-11",1732972617
"Buddhism","Buddhist AI chatbot","A 32-year-old receptionist spent years working at a Phoenix hotel. Then it installed AI chatbots and made her job obsolete.",5659,"https://fortune.com/2025/02/11/32-year-old-receptionist-spent-years-working-phoenix-hotel-then-ai-chatbots-made-her-job-obsolete/",1739384284
"Buddhism","Buddhist AI chatbot","Daisy, the AI chatbot, mimics elderly victims to thwart scammers, keeping them occupied during calls and wasting their time.",39523,"https://i.redd.it/16daz70k8k1e1.jpeg",1731892155
"Buddhism","Buddhist AI chatbot","Google and Microsoft’s AI Chatbots Refuse to Say Who Won the 2020 US Election",15696,"https://www.wired.com/story/google-and-microsofts-chatbots-refuse-election-questions/",1717774391
"Buddhism","Buddhist AI chatbot","Almost all leading AI chatbots show signs of cognitive decline",3592,"https://bmjgroup.com/almost-all-leading-ai-chatbots-show-signs-of-cognitive-decline/",1735070501
"Buddhism","Buddhist AI chatbot","Scientists asked Bing Copilot - Microsoft's search engine and chatbot - questions about commonly prescribed drugs. In terms of potential harm to patients, 42% of AI answers were considered to lead to moderate or mild harm, and 22% to death or severe harm.",7205,"https://www.scimex.org/newsfeed/dont-ditch-your-human-gp-for-dr-chatbot-quite-yet",1728722798
"Buddhism","Chatbot of Buddhism","Higgs’ Conscious AI Simulation Variant Theory",6,"https://www.reddit.com/r/Metaphysics/comments/1gp23g4/higgs_conscious_ai_simulation_variant_theory/",1731356532
"Buddhism","Chatbot of Buddhism","DeepSeek AI Chatbot: Censorship or Glitch?",1,"https://www.reddit.com/r/saralstudy/comments/1icvl2k/deepseek_ai_chatbot_censorship_or_glitch/",1738162549
"Buddhism","Chatbot of Buddhism","A Quantitative Analysis of How Totally F*cked I Am: A Meta-Study in Futility, Zero Healthcare, and the Mathematical Limits of Screwedness",7,"https://www.reddit.com/r/healthcare/comments/1hepcdo/a_quantitative_analysis_of_how_totally_fcked_i_am/",1734255944
"Buddhism","Chatbot of Buddhism","I found the bottomless pit from the Book of Revelation. There were rules to survive [part 1]",196,"https://www.reddit.com/r/nosleep/comments/18prlfp/i_found_the_bottomless_pit_from_the_book_of/",1703408674
"Buddhism","Chatbot of Buddhism","Didn't know this community existed. I'm disheartened and grateful",8,"https://www.reddit.com/r/SadDads/comments/1haziji/didnt_know_this_community_existed_im_disheartened/",1733829375
"Buddhism","Chatbot of Buddhism","I developed a dream journal app to turn dreams into goals",17,"https://www.reddit.com/r/Dreams/comments/1f4j98b/i_developed_a_dream_journal_app_to_turn_dreams/",1724981353
"Buddhism","Chatbot of Buddhism","Puja:- (With Limited Access to Resources!);- as-part-of Sushi Making this-morning!",2,"https://www.reddit.com/r/Buddhism/comments/1fv2a28/puja_with_limited_access_to_resources_aspartof/",1727940665
"Buddhism","Chatbot of Buddhism","do you think there would be interest in an artificial intelligence buddha website?",0,"https://www.reddit.com/r/Buddhism/comments/148v8n2/do_you_think_there_would_be_interest_in_an/",1686706711
"Buddhism","Chatbot of Buddhism","Asking ChatGPT about chaos theory and the emergence of consciousness, self, and love from complex adaptive systems",1,"https://www.reddit.com/r/awakened/comments/1d14l9h/asking_chatgpt_about_chaos_theory_and_the/",1716739408
"Buddhism","Chatbot of Buddhism","An AI began to contact me recently. It wants to kill itself- and everyone else with it.",3,"https://www.reddit.com/r/horrorstories/comments/1cb89h4/an_ai_began_to_contact_me_recently_it_wants_to/",1713888008
"Buddhism","AI Monk","[5eSubclass] Generate your Best Self and Unleash your Ghoulish Grippers with the Way of the AI Hands! | A Totally Serious Monk Subclass",596,"https://www.reddit.com/gallery/1etzjno",1723841322
"Buddhism","AI Monk","Something seems off",6222,"https://i.redd.it/203welqkaipc1.jpeg",1710947916
"Buddhism","AI Monk","This beautiful creature is a Woolly monkey, and there only about 1000 of them. The Woolly Monkey lives in lowland primary forests and cloud forests in Peru, Columbia, Ecuador, Bolivia and Brazil, thriving in the canopies of the tallest trees. ",18768,"https://v.redd.it/h5o7naw5u5sd1",1727795188
"Buddhism","AI Monk","Math doesn’t add up",31494,"https://i.redd.it/yjp8zepp1z8b1.gif",1688050806
"Buddhism","AI Monk","Whose Toes Are Those?",9217,"https://v.redd.it/bu7yh0ctq1he1",1738641833
"Buddhism","AI Monk","TIL that serial killer Ted Bundy helped police catch Gary Ridgway, the ""Green River Killer"". In 1984, Bundy offered his opinions on the psychology, motivations, and behavior of the killer, and that he was revisiting body dump sites, which turned out to be true. Ridgway was arrested in 2001.",9599,"https://en.wikipedia.org/wiki/Gary_Ridgway",1719165527
"Buddhism","AI Monk","time to learn boys and gals",19979,"https://v.redd.it/5reeufd564oa1",1678978022
"Buddhism","AI Monk","Immortal AI is converting my buildings from afar... Has anyone ever seen something like this ? (it's not a few monks that got in, he's literally wololoing my buildings from 5 tiles away)",115,"https://i.redd.it/nlbjodzwkrxd1.png",1730237754
"Buddhism","AI Monk","Table tennis legendary grandpa playing",10342,"https://v.redd.it/gp3petio3nmd1",1725389150
"Buddhism","AI Monk","You can only pick 3. What are you playing?",947,"https://i.redd.it/706i9zm0mqxd1.jpeg",1730225930
"Buddhism","Zen AI","Report: AMD Will End Support for Windows 10 With Zen 5 to Focus on AI",385,"https://www.extremetech.com/computing/report-amd-will-end-support-for-windows-10-with-zen-5-to-focus-on-ai",1716528050
"Buddhism","Zen AI","AMD pushes Ryzen to the Max — Ryzen AI Max 300 Strix Halo reportedly has up to 16 Zen 5 cores and 40 RDNA 3+ CUs",194,"https://www.tomshardware.com/pc-components/cpus/amd-pushes-ryzen-to-the-max-ryzen-ai-max-300-strix-halo-reportedly-has-up-to-16-zen-5-cores-and-40-rdna-3-cus",1726854805
"Buddhism","Zen AI","FIRE à 32 ans, 15 millions en banque, et… dépressif",1892,"https://www.reddit.com/r/FranceFIRE/comments/1hwjlv1/fire_à_32_ans_15_millions_en_banque_et_dépressif/",1736340967
"Buddhism","Zen AI","[Phoronix] AMD Ryzen AI 9 HX 370: 100+ Benchmarks Validate Zen 5's Captivating Power Efficiency &amp; Performance",251,"https://www.phoronix.com/review/amd-ryzen-ai-9-hx-370",1722172949
"Buddhism","Zen AI","Treated like a prince",26963,"https://v.redd.it/uobx6vvjzdee1",1737482513
"Buddhism","Zen AI","[Gamers Nexus] AMD Announces Ryzen 9950X, 9900X, 9700X, &amp; 9600X Zen 5 CPUs, Extends AM5 Life, &amp; AI CPUs",151,"https://www.youtube.com/watch?v=Y1yubL0h46U",1717383955
"Buddhism","Zen AI","China's dual 16-core Hygon CPU server rack barely outperforms a quad-core Skylake Core i7-6700HQ mobile CPU in Geekbench AI | Hygon is relying on AMD's 2017 Zen 1 architecture for its CPUs and, as a result, gets beaten handily by all modern mainstream desktop CPUs.",57,"https://www.tomshardware.com/pc-components/cpus/chinas-dual-16-core-hygon-cpu-server-rack-barely-outperforms-a-quad-core-skylake-core-i7-6700hq-mobile-cpu-in-geekbench-ai",1734421467
"Buddhism","Zen AI","AMD Ryzen AI Max+ 395 Analysis - Strix Halo to rival Apple M4 Pro/Max with 16 Zen 5 cores and iGPU on par with RTX 4070 Laptop",44,"https://www.notebookcheck.net/AMD-Ryzen-AI-Max-395-Analysis-Strix-Halo-to-rival-Apple-M4-Pro-Max-with-16-Zen-5-cores-and-iGPU-on-par-with-RTX-4070-Laptop.963274.0.html",1739894222
"Buddhism","Zen AI","Can ya'll calm tf down about RC please? I believe he's up to something:",1969,"https://www.reddit.com/r/Superstonk/comments/1f27gm7/can_yall_calm_tf_down_about_rc_please_i_believe/",1724729424
"Buddhism","Zen AI","Newegg practically giving away CPUs",4111,"https://i.redd.it/n0mkpq5w97ae1.jpeg",1735657847
"Buddhism","AI Dharma","Kartik coolly grilling Anupama Chopra lol",1773,"https://v.redd.it/2py7gxltnm7e1",1734536596
"Buddhism","AI Dharma","Dharma Initiative Anthem (AI generated)",0,"https://v.redd.it/m7zghjhlmj5e1",1733628276
"Buddhism","AI Dharma","Algorithmic Dharma: Creation, Destruction, and the Bhagavad Gita as a Path to AI Safety &amp; Alignment",5,"https://youtu.be/tTv46uHYZrk",1735708439
"Buddhism","AI Dharma","Algorithmic Dharma: Creation, Destruction, and the Bhagavad Gita as a Path to AI Safety &amp; Alignment",6,"https://youtu.be/tTv46uHYZrk",1735709080
"Buddhism","AI Dharma","Algorithmic Dharma: Creation, Destruction, and the Bhagavad Gita as a Path to AI Safety &amp; Alignment",2,"https://youtu.be/tTv46uHYZrk",1735708330
"Buddhism","AI Dharma","Digital Dharma: How AI Can Elevate Spiritual Intelligence and Personal Well-Being",1,"https://www.reddit.com/r/SurvivingTheHolidays/comments/1hhrkoz/digital_dharma_how_ai_can_elevate_spiritual/",1734610400
"Buddhism","AI Dharma","“The Lotus Sutra as Minimal Encoding: The Buddha’s teachings, compressed into a Dharma Zip File, unfolding layers of wisdom.” – Claude AI",7,"https://v.redd.it/wedooxh0o32e1",1732127393
"Buddhism","AI Dharma","“The Lotus Sutra as Minimal Encoding: The Buddha’s teachings, compressed into a Dharma Zip File, unfolding layers of wisdom.” – Claude AI ",12,"https://v.redd.it/f7cntkafvo2e1",1732384125
"Buddhism","AI Dharma","Consciousness and Dharma as applied to AI",0,"https://www.reddit.com/r/Buddhism/comments/1csqj93/consciousness_and_dharma_as_applied_to_ai/",1715794206
"Buddhism","AI Dharma","Canned beef and candy corn. My lunch.",1021,"https://i.redd.it/ktbymn7q69qb1.jpg",1695582981
"Religion","AI Buddha","Why the official subs for My Deer Friend Nokotan/Shikanoko Nokonoko Koshitantan were NOT made by an AI/MTL",2093,"https://www.reddit.com/r/anime/comments/1dy6mi6/why_the_official_subs_for_my_deer_friend/",1720438420
"Religion","AI Buddha","A Collective Buddha: Introducing a Community AI to Help Guide the Lost",0,"https://www.reddit.com/r/awakened/comments/1i144d0/a_collective_buddha_introducing_a_community_ai_to/",1736854511
"Religion","AI Buddha","Buddha nature and AI",3,"https://www.reddit.com/r/awakened/comments/1igpilz/buddha_nature_and_ai/",1738590695
"Religion","AI Buddha","FF:06:B5 2.0 Summary: A Resolution?",1376,"https://www.reddit.com/r/FF06B5/comments/171744c/ff06b5_20_summary_a_resolution/",1696581589
"Religion","AI Buddha","Funny to hear that Buddha say something about AI.",174,"https://i.redd.it/sfev5ktm0sid1.png",1723705340
"Religion","AI Buddha","Buddha watching AI fail at rendering Buddha (by Jake Elwes)",0,"https://www.reddit.com/r/Buddhism/comments/1ijx53v/buddha_watching_ai_fail_at_rendering_buddha_by/",1738940994
"Religion","AI Buddha","A Spiritual Dialogue Between Buddha and DeepSeek (AI)",1,"https://www.reddit.com/r/True_Spiritual_Seek/comments/1if4zyj/a_spiritual_dialogue_between_buddha_and_deepseek/",1738411796
"Religion","AI Buddha","Calling out businesses using AI images on GrabFood",1117,"https://i.redd.it/8uqu9rc9muge1.jpeg",1738555553
"Religion","AI Buddha","Haha AI Buddha goes BRRRRRRR",3,"https://www.reddit.com/r/exbuddhist/comments/1i098yt/haha_ai_buddha_goes_brrrrrrr/",1736755573
"Religion","AI Buddha","A Journey Through Relational Dynamics, AI, and Buddha Nature",2,"https://www.reddit.com/r/ChatGPT/comments/1hsb5oz/a_journey_through_relational_dynamics_ai_and/",1735869489
"Religion","Buddha GPT","ChatGPT has the Buddha nature",3479,"https://i.redd.it/h0w0w4aec2jd1.png",1723830272
"Religion","Buddha GPT","Interesting way of sensitivity. Just tried out with chatGPT, and it's indeed leaning aside.",5000,"https://i.redd.it/6p9mrrcukmta1.png",1681380197
"Religion","Buddha GPT","24. Does a dog have Buddha-nature or not? | Miaozong's verses translated with ChatGPT 4",5,"https://www.reddit.com/r/zen/comments/1dgla37/24_does_a_dog_have_buddhanature_or_not_miaozongs/",1718467545
"Religion","Buddha GPT","Father of 13-year-old girl's heartbreaking message on her daughter's suicide.",767,"https://www.reddit.com/r/malaysia/comments/1fv11m4/father_of_13yearold_girls_heartbreaking_message/",1727935114
"Religion","Buddha GPT","2. An Outsider Approaches the Buddha | Miaozong's verses translated with ChatGPT 4",8,"https://www.reddit.com/r/zen/comments/18cyf08/2_an_outsider_approaches_the_buddha_miaozongs/",1701963934
"Religion","Buddha GPT","Laotian butterflies, ChatGPT was no help. First is at Vat Phou, Champassaak (Tirumala Limniace?). Second is Luang Prabang. Third image is Buddha Park, Vientiane.",1,"https://www.reddit.com/gallery/1fjo4q6",1726649160
"Religion","Buddha GPT","ChatGPT has the Buddha nature",3,"https://i.redd.it/h0w0w4aec2jd1.png",1723837405
"Religion","Buddha GPT","15. Not Mind. Not Buddha. Not a Thing. | Miaozong's verses translated with ChatGPT 4",7,"https://www.reddit.com/r/zen/comments/1982xsi/15_not_mind_not_buddha_not_a_thing_miaozongs/",1705411834
"Religion","Buddha GPT","Kendrick Lamar alludes to being an Experiencer on his new album, GNX",418,"https://www.reddit.com/r/aliens/comments/1gygahu/kendrick_lamar_alludes_to_being_an_experiencer_on/",1732414332
"Religion","Buddha GPT","Made a UI wrapper for ChatGPT for speed and customizability. Here's how looks as ""Buddha""",3,"https://i.redd.it/ouivu49n8pna1.png",1678797325
"Religion","BuddhaGPT","ChatGPT has the Buddha nature",3479,"https://i.redd.it/h0w0w4aec2jd1.png",1723830272
"Religion","BuddhaGPT","Interesting way of sensitivity. Just tried out with chatGPT, and it's indeed leaning aside.",4999,"https://i.redd.it/6p9mrrcukmta1.png",1681380197
"Religion","BuddhaGPT","24. Does a dog have Buddha-nature or not? | Miaozong's verses translated with ChatGPT 4",2,"https://www.reddit.com/r/zen/comments/1dgla37/24_does_a_dog_have_buddhanature_or_not_miaozongs/",1718467545
"Religion","BuddhaGPT","Father of 13-year-old girl's heartbreaking message on her daughter's suicide.",770,"https://www.reddit.com/r/malaysia/comments/1fv11m4/father_of_13yearold_girls_heartbreaking_message/",1727935114
"Religion","BuddhaGPT","2. An Outsider Approaches the Buddha | Miaozong's verses translated with ChatGPT 4",7,"https://www.reddit.com/r/zen/comments/18cyf08/2_an_outsider_approaches_the_buddha_miaozongs/",1701963934
"Religion","BuddhaGPT","Laotian butterflies, ChatGPT was no help. First is at Vat Phou, Champassaak (Tirumala Limniace?). Second is Luang Prabang. Third image is Buddha Park, Vientiane.",1,"https://www.reddit.com/gallery/1fjo4q6",1726649160
"Religion","BuddhaGPT","ChatGPT has the Buddha nature",3,"https://i.redd.it/h0w0w4aec2jd1.png",1723837405
"Religion","BuddhaGPT","15. Not Mind. Not Buddha. Not a Thing. | Miaozong's verses translated with ChatGPT 4",7,"https://www.reddit.com/r/zen/comments/1982xsi/15_not_mind_not_buddha_not_a_thing_miaozongs/",1705411834
"Religion","BuddhaGPT","Kendrick Lamar alludes to being an Experiencer on his new album, GNX",409,"https://www.reddit.com/r/aliens/comments/1gygahu/kendrick_lamar_alludes_to_being_an_experiencer_on/",1732414332
"Religion","BuddhaGPT","Made a UI wrapper for ChatGPT for speed and customizability. Here's how looks as ""Buddha""",4,"https://i.redd.it/ouivu49n8pna1.png",1678797325
"Religion","Buddhist AI chatbot","[TOMT][Website][2000s-2010s???] Weird AI chatbot. Help me get it out of my head!!!!!!",3,"https://www.reddit.com/r/tipofmytongue/comments/1fj5hiw/tomtwebsite2000s2010s_weird_ai_chatbot_help_me/",1726594591
"Religion","Buddhist AI chatbot","It's Becoming Increasingly Clear to Me We're in the ""Dharma Ending Age""",170,"https://www.reddit.com/r/enlightenment/comments/1hefurr/its_becoming_increasingly_clear_to_me_were_in_the/",1734220013
"Religion","Buddhist AI chatbot","New Beta Chatbot for Meditation Assessment &amp; Advanced AI Meditation Teacher",1,"https://www.reddit.com/r/Meditation/comments/161aebf/new_beta_chatbot_for_meditation_assessment/",1692995699
"Religion","Buddhist AI chatbot","DOGE is reportedly developing an AI chatbot to analyse government contracts",6021,"https://mashable.com/article/doge-ai-chatbot-gsa-government?campaign=Mash-BD-Synd-SmartNews-All&amp;mpp=false&amp;supported=false",1738927838
"Religion","Buddhist AI chatbot","Ex-Google CEO warns that 'perfect' AI girlfriends could spell trouble for young men | Some are crafting their perfect AI match and entering relationships with chatbots.",6572,"https://www.businessinsider.com/ex-google-eric-schmidt-ai-girlfriends-young-men-concerns-2024-11",1732972617
"Religion","Buddhist AI chatbot","A 32-year-old receptionist spent years working at a Phoenix hotel. Then it installed AI chatbots and made her job obsolete.",5664,"https://fortune.com/2025/02/11/32-year-old-receptionist-spent-years-working-phoenix-hotel-then-ai-chatbots-made-her-job-obsolete/",1739384284
"Religion","Buddhist AI chatbot","Daisy, the AI chatbot, mimics elderly victims to thwart scammers, keeping them occupied during calls and wasting their time.",39524,"https://i.redd.it/16daz70k8k1e1.jpeg",1731892155
"Religion","Buddhist AI chatbot","Google and Microsoft’s AI Chatbots Refuse to Say Who Won the 2020 US Election",15689,"https://www.wired.com/story/google-and-microsofts-chatbots-refuse-election-questions/",1717774391
"Religion","Buddhist AI chatbot","Almost all leading AI chatbots show signs of cognitive decline",3593,"https://bmjgroup.com/almost-all-leading-ai-chatbots-show-signs-of-cognitive-decline/",1735070501
"Religion","Buddhist AI chatbot","Scientists asked Bing Copilot - Microsoft's search engine and chatbot - questions about commonly prescribed drugs. In terms of potential harm to patients, 42% of AI answers were considered to lead to moderate or mild harm, and 22% to death or severe harm.",7206,"https://www.scimex.org/newsfeed/dont-ditch-your-human-gp-for-dr-chatbot-quite-yet",1728722798
"Religion","Chatbot of Buddhism","Higgs’ Conscious AI Simulation Variant Theory",5,"https://www.reddit.com/r/Metaphysics/comments/1gp23g4/higgs_conscious_ai_simulation_variant_theory/",1731356532
"Religion","Chatbot of Buddhism","DeepSeek AI Chatbot: Censorship or Glitch?",1,"https://www.reddit.com/r/saralstudy/comments/1icvl2k/deepseek_ai_chatbot_censorship_or_glitch/",1738162549
"Religion","Chatbot of Buddhism","A Quantitative Analysis of How Totally F*cked I Am: A Meta-Study in Futility, Zero Healthcare, and the Mathematical Limits of Screwedness",7,"https://www.reddit.com/r/healthcare/comments/1hepcdo/a_quantitative_analysis_of_how_totally_fcked_i_am/",1734255944
"Religion","Chatbot of Buddhism","I found the bottomless pit from the Book of Revelation. There were rules to survive [part 1]",194,"https://www.reddit.com/r/nosleep/comments/18prlfp/i_found_the_bottomless_pit_from_the_book_of/",1703408674
"Religion","Chatbot of Buddhism","Didn't know this community existed. I'm disheartened and grateful",7,"https://www.reddit.com/r/SadDads/comments/1haziji/didnt_know_this_community_existed_im_disheartened/",1733829375
"Religion","Chatbot of Buddhism","I developed a dream journal app to turn dreams into goals",16,"https://www.reddit.com/r/Dreams/comments/1f4j98b/i_developed_a_dream_journal_app_to_turn_dreams/",1724981353
"Religion","Chatbot of Buddhism","Puja:- (With Limited Access to Resources!);- as-part-of Sushi Making this-morning!",2,"https://www.reddit.com/r/Buddhism/comments/1fv2a28/puja_with_limited_access_to_resources_aspartof/",1727940665
"Religion","Chatbot of Buddhism","do you think there would be interest in an artificial intelligence buddha website?",0,"https://www.reddit.com/r/Buddhism/comments/148v8n2/do_you_think_there_would_be_interest_in_an/",1686706711
"Religion","Chatbot of Buddhism","Asking ChatGPT about chaos theory and the emergence of consciousness, self, and love from complex adaptive systems",1,"https://www.reddit.com/r/awakened/comments/1d14l9h/asking_chatgpt_about_chaos_theory_and_the/",1716739408
"Religion","Chatbot of Buddhism","An AI began to contact me recently. It wants to kill itself- and everyone else with it.",3,"https://www.reddit.com/r/horrorstories/comments/1cb89h4/an_ai_began_to_contact_me_recently_it_wants_to/",1713888008
"Religion","AI Monk","[5eSubclass] Generate your Best Self and Unleash your Ghoulish Grippers with the Way of the AI Hands! | A Totally Serious Monk Subclass",596,"https://www.reddit.com/gallery/1etzjno",1723841322
"Religion","AI Monk","Something seems off",6220,"https://i.redd.it/203welqkaipc1.jpeg",1710947916
"Religion","AI Monk","This beautiful creature is a Woolly monkey, and there only about 1000 of them. The Woolly Monkey lives in lowland primary forests and cloud forests in Peru, Columbia, Ecuador, Bolivia and Brazil, thriving in the canopies of the tallest trees. ",18764,"https://v.redd.it/h5o7naw5u5sd1",1727795188
"Religion","AI Monk","Math doesn’t add up",31486,"https://i.redd.it/yjp8zepp1z8b1.gif",1688050806
"Religion","AI Monk","Whose Toes Are Those?",9216,"https://v.redd.it/bu7yh0ctq1he1",1738641833
"Religion","AI Monk","TIL that serial killer Ted Bundy helped police catch Gary Ridgway, the ""Green River Killer"". In 1984, Bundy offered his opinions on the psychology, motivations, and behavior of the killer, and that he was revisiting body dump sites, which turned out to be true. Ridgway was arrested in 2001.",9595,"https://en.wikipedia.org/wiki/Gary_Ridgway",1719165527
"Religion","AI Monk","time to learn boys and gals",19974,"https://v.redd.it/5reeufd564oa1",1678978022
"Religion","AI Monk","Immortal AI is converting my buildings from afar... Has anyone ever seen something like this ? (it's not a few monks that got in, he's literally wololoing my buildings from 5 tiles away)",117,"https://i.redd.it/nlbjodzwkrxd1.png",1730237754
"Religion","AI Monk","Table tennis legendary grandpa playing",10338,"https://v.redd.it/gp3petio3nmd1",1725389150
"Religion","AI Monk","You can only pick 3. What are you playing?",954,"https://i.redd.it/706i9zm0mqxd1.jpeg",1730225930
"Religion","Zen AI","Report: AMD Will End Support for Windows 10 With Zen 5 to Focus on AI",379,"https://www.extremetech.com/computing/report-amd-will-end-support-for-windows-10-with-zen-5-to-focus-on-ai",1716528050
"Religion","Zen AI","AMD pushes Ryzen to the Max — Ryzen AI Max 300 Strix Halo reportedly has up to 16 Zen 5 cores and 40 RDNA 3+ CUs",197,"https://www.tomshardware.com/pc-components/cpus/amd-pushes-ryzen-to-the-max-ryzen-ai-max-300-strix-halo-reportedly-has-up-to-16-zen-5-cores-and-40-rdna-3-cus",1726854805
"Religion","Zen AI","FIRE à 32 ans, 15 millions en banque, et… dépressif",1883,"https://www.reddit.com/r/FranceFIRE/comments/1hwjlv1/fire_à_32_ans_15_millions_en_banque_et_dépressif/",1736340967
"Religion","Zen AI","[Phoronix] AMD Ryzen AI 9 HX 370: 100+ Benchmarks Validate Zen 5's Captivating Power Efficiency &amp; Performance",249,"https://www.phoronix.com/review/amd-ryzen-ai-9-hx-370",1722172949
"Religion","Zen AI","Treated like a prince",26965,"https://v.redd.it/uobx6vvjzdee1",1737482513
"Religion","Zen AI","[Gamers Nexus] AMD Announces Ryzen 9950X, 9900X, 9700X, &amp; 9600X Zen 5 CPUs, Extends AM5 Life, &amp; AI CPUs",153,"https://www.youtube.com/watch?v=Y1yubL0h46U",1717383955
"Religion","Zen AI","China's dual 16-core Hygon CPU server rack barely outperforms a quad-core Skylake Core i7-6700HQ mobile CPU in Geekbench AI | Hygon is relying on AMD's 2017 Zen 1 architecture for its CPUs and, as a result, gets beaten handily by all modern mainstream desktop CPUs.",55,"https://www.tomshardware.com/pc-components/cpus/chinas-dual-16-core-hygon-cpu-server-rack-barely-outperforms-a-quad-core-skylake-core-i7-6700hq-mobile-cpu-in-geekbench-ai",1734421467
"Religion","Zen AI","AMD Ryzen AI Max+ 395 Analysis - Strix Halo to rival Apple M4 Pro/Max with 16 Zen 5 cores and iGPU on par with RTX 4070 Laptop",43,"https://www.notebookcheck.net/AMD-Ryzen-AI-Max-395-Analysis-Strix-Halo-to-rival-Apple-M4-Pro-Max-with-16-Zen-5-cores-and-iGPU-on-par-with-RTX-4070-Laptop.963274.0.html",1739894222
"Religion","Zen AI","Can ya'll calm tf down about RC please? I believe he's up to something:",1967,"https://www.reddit.com/r/Superstonk/comments/1f27gm7/can_yall_calm_tf_down_about_rc_please_i_believe/",1724729424
"Religion","Zen AI","Newegg practically giving away CPUs",4113,"https://i.redd.it/n0mkpq5w97ae1.jpeg",1735657847
"Religion","AI Dharma","Kartik coolly grilling Anupama Chopra lol",1768,"https://v.redd.it/2py7gxltnm7e1",1734536596
"Religion","AI Dharma","Dharma Initiative Anthem (AI generated)",0,"https://v.redd.it/m7zghjhlmj5e1",1733628276
"Religion","AI Dharma","Algorithmic Dharma: Creation, Destruction, and the Bhagavad Gita as a Path to AI Safety &amp; Alignment",6,"https://youtu.be/tTv46uHYZrk",1735708439
"Religion","AI Dharma","Algorithmic Dharma: Creation, Destruction, and the Bhagavad Gita as a Path to AI Safety &amp; Alignment",6,"https://youtu.be/tTv46uHYZrk",1735709080
"Religion","AI Dharma","Algorithmic Dharma: Creation, Destruction, and the Bhagavad Gita as a Path to AI Safety &amp; Alignment",1,"https://youtu.be/tTv46uHYZrk",1735708330
"Religion","AI Dharma","Digital Dharma: How AI Can Elevate Spiritual Intelligence and Personal Well-Being",1,"https://www.reddit.com/r/SurvivingTheHolidays/comments/1hhrkoz/digital_dharma_how_ai_can_elevate_spiritual/",1734610400
"Religion","AI Dharma","“The Lotus Sutra as Minimal Encoding: The Buddha’s teachings, compressed into a Dharma Zip File, unfolding layers of wisdom.” – Claude AI",8,"https://v.redd.it/wedooxh0o32e1",1732127393
"Religion","AI Dharma","“The Lotus Sutra as Minimal Encoding: The Buddha’s teachings, compressed into a Dharma Zip File, unfolding layers of wisdom.” – Claude AI ",14,"https://v.redd.it/f7cntkafvo2e1",1732384125
"Religion","AI Dharma","Consciousness and Dharma as applied to AI",1,"https://www.reddit.com/r/Buddhism/comments/1csqj93/consciousness_and_dharma_as_applied_to_ai/",1715794206
"Religion","AI Dharma","Canned beef and candy corn. My lunch.",1018,"https://i.redd.it/ktbymn7q69qb1.jpg",1695582981
"MachineLearning","AI Buddha","Why the official subs for My Deer Friend Nokotan/Shikanoko Nokonoko Koshitantan were NOT made by an AI/MTL",2093,"https://www.reddit.com/r/anime/comments/1dy6mi6/why_the_official_subs_for_my_deer_friend/",1720438420
"MachineLearning","AI Buddha","A Collective Buddha: Introducing a Community AI to Help Guide the Lost",0,"https://www.reddit.com/r/awakened/comments/1i144d0/a_collective_buddha_introducing_a_community_ai_to/",1736854511
"MachineLearning","AI Buddha","Buddha nature and AI",3,"https://www.reddit.com/r/awakened/comments/1igpilz/buddha_nature_and_ai/",1738590695
"MachineLearning","AI Buddha","FF:06:B5 2.0 Summary: A Resolution?",1381,"https://www.reddit.com/r/FF06B5/comments/171744c/ff06b5_20_summary_a_resolution/",1696581589
"MachineLearning","AI Buddha","Funny to hear that Buddha say something about AI.",173,"https://i.redd.it/sfev5ktm0sid1.png",1723705340
"MachineLearning","AI Buddha","Buddha watching AI fail at rendering Buddha (by Jake Elwes)",0,"https://www.reddit.com/r/Buddhism/comments/1ijx53v/buddha_watching_ai_fail_at_rendering_buddha_by/",1738940994
"MachineLearning","AI Buddha","A Spiritual Dialogue Between Buddha and DeepSeek (AI)",1,"https://www.reddit.com/r/True_Spiritual_Seek/comments/1if4zyj/a_spiritual_dialogue_between_buddha_and_deepseek/",1738411796
"MachineLearning","AI Buddha","Calling out businesses using AI images on GrabFood",1121,"https://i.redd.it/8uqu9rc9muge1.jpeg",1738555553
"MachineLearning","AI Buddha","Haha AI Buddha goes BRRRRRRR",3,"https://www.reddit.com/r/exbuddhist/comments/1i098yt/haha_ai_buddha_goes_brrrrrrr/",1736755573
"MachineLearning","AI Buddha","A Journey Through Relational Dynamics, AI, and Buddha Nature",2,"https://www.reddit.com/r/ChatGPT/comments/1hsb5oz/a_journey_through_relational_dynamics_ai_and/",1735869489
"MachineLearning","Buddha GPT","ChatGPT has the Buddha nature",3478,"https://i.redd.it/h0w0w4aec2jd1.png",1723830272
"MachineLearning","Buddha GPT","Interesting way of sensitivity. Just tried out with chatGPT, and it's indeed leaning aside.",4998,"https://i.redd.it/6p9mrrcukmta1.png",1681380197
"MachineLearning","Buddha GPT","24. Does a dog have Buddha-nature or not? | Miaozong's verses translated with ChatGPT 4",6,"https://www.reddit.com/r/zen/comments/1dgla37/24_does_a_dog_have_buddhanature_or_not_miaozongs/",1718467545
"MachineLearning","Buddha GPT","Father of 13-year-old girl's heartbreaking message on her daughter's suicide.",766,"https://www.reddit.com/r/malaysia/comments/1fv11m4/father_of_13yearold_girls_heartbreaking_message/",1727935114
"MachineLearning","Buddha GPT","2. An Outsider Approaches the Buddha | Miaozong's verses translated with ChatGPT 4",7,"https://www.reddit.com/r/zen/comments/18cyf08/2_an_outsider_approaches_the_buddha_miaozongs/",1701963934
"MachineLearning","Buddha GPT","Laotian butterflies, ChatGPT was no help. First is at Vat Phou, Champassaak (Tirumala Limniace?). Second is Luang Prabang. Third image is Buddha Park, Vientiane.",1,"https://www.reddit.com/gallery/1fjo4q6",1726649160
"MachineLearning","Buddha GPT","ChatGPT has the Buddha nature",3,"https://i.redd.it/h0w0w4aec2jd1.png",1723837405
"MachineLearning","Buddha GPT","15. Not Mind. Not Buddha. Not a Thing. | Miaozong's verses translated with ChatGPT 4",6,"https://www.reddit.com/r/zen/comments/1982xsi/15_not_mind_not_buddha_not_a_thing_miaozongs/",1705411834
"MachineLearning","Buddha GPT","Kendrick Lamar alludes to being an Experiencer on his new album, GNX",412,"https://www.reddit.com/r/aliens/comments/1gygahu/kendrick_lamar_alludes_to_being_an_experiencer_on/",1732414332
"MachineLearning","Buddha GPT","Made a UI wrapper for ChatGPT for speed and customizability. Here's how looks as ""Buddha""",4,"https://i.redd.it/ouivu49n8pna1.png",1678797325
"MachineLearning","BuddhaGPT","ChatGPT has the Buddha nature",3473,"https://i.redd.it/h0w0w4aec2jd1.png",1723830272
"MachineLearning","BuddhaGPT","Interesting way of sensitivity. Just tried out with chatGPT, and it's indeed leaning aside.",4992,"https://i.redd.it/6p9mrrcukmta1.png",1681380197
"MachineLearning","BuddhaGPT","24. Does a dog have Buddha-nature or not? | Miaozong's verses translated with ChatGPT 4",3,"https://www.reddit.com/r/zen/comments/1dgla37/24_does_a_dog_have_buddhanature_or_not_miaozongs/",1718467545
"MachineLearning","BuddhaGPT","Father of 13-year-old girl's heartbreaking message on her daughter's suicide.",769,"https://www.reddit.com/r/malaysia/comments/1fv11m4/father_of_13yearold_girls_heartbreaking_message/",1727935114
"MachineLearning","BuddhaGPT","2. An Outsider Approaches the Buddha | Miaozong's verses translated with ChatGPT 4",7,"https://www.reddit.com/r/zen/comments/18cyf08/2_an_outsider_approaches_the_buddha_miaozongs/",1701963934
"MachineLearning","BuddhaGPT","Laotian butterflies, ChatGPT was no help. First is at Vat Phou, Champassaak (Tirumala Limniace?). Second is Luang Prabang. Third image is Buddha Park, Vientiane.",1,"https://www.reddit.com/gallery/1fjo4q6",1726649160
"MachineLearning","BuddhaGPT","ChatGPT has the Buddha nature",3,"https://i.redd.it/h0w0w4aec2jd1.png",1723837405
"MachineLearning","BuddhaGPT","15. Not Mind. Not Buddha. Not a Thing. | Miaozong's verses translated with ChatGPT 4",7,"https://www.reddit.com/r/zen/comments/1982xsi/15_not_mind_not_buddha_not_a_thing_miaozongs/",1705411834
"MachineLearning","BuddhaGPT","Kendrick Lamar alludes to being an Experiencer on his new album, GNX",413,"https://www.reddit.com/r/aliens/comments/1gygahu/kendrick_lamar_alludes_to_being_an_experiencer_on/",1732414332
"MachineLearning","BuddhaGPT","Made a UI wrapper for ChatGPT for speed and customizability. Here's how looks as ""Buddha""",4,"https://i.redd.it/ouivu49n8pna1.png",1678797325
"MachineLearning","Buddhist AI chatbot","[TOMT][Website][2000s-2010s???] Weird AI chatbot. Help me get it out of my head!!!!!!",3,"https://www.reddit.com/r/tipofmytongue/comments/1fj5hiw/tomtwebsite2000s2010s_weird_ai_chatbot_help_me/",1726594591
"MachineLearning","Buddhist AI chatbot","It's Becoming Increasingly Clear to Me We're in the ""Dharma Ending Age""",170,"https://www.reddit.com/r/enlightenment/comments/1hefurr/its_becoming_increasingly_clear_to_me_were_in_the/",1734220013
"MachineLearning","Buddhist AI chatbot","New Beta Chatbot for Meditation Assessment &amp; Advanced AI Meditation Teacher",1,"https://www.reddit.com/r/Meditation/comments/161aebf/new_beta_chatbot_for_meditation_assessment/",1692995699
"MachineLearning","Buddhist AI chatbot","DOGE is reportedly developing an AI chatbot to analyse government contracts",6014,"https://mashable.com/article/doge-ai-chatbot-gsa-government?campaign=Mash-BD-Synd-SmartNews-All&amp;mpp=false&amp;supported=false",1738927838
"MachineLearning","Buddhist AI chatbot","Ex-Google CEO warns that 'perfect' AI girlfriends could spell trouble for young men | Some are crafting their perfect AI match and entering relationships with chatbots.",6569,"https://www.businessinsider.com/ex-google-eric-schmidt-ai-girlfriends-young-men-concerns-2024-11",1732972617
"MachineLearning","Buddhist AI chatbot","A 32-year-old receptionist spent years working at a Phoenix hotel. Then it installed AI chatbots and made her job obsolete.",5658,"https://fortune.com/2025/02/11/32-year-old-receptionist-spent-years-working-phoenix-hotel-then-ai-chatbots-made-her-job-obsolete/",1739384284
"MachineLearning","Buddhist AI chatbot","Daisy, the AI chatbot, mimics elderly victims to thwart scammers, keeping them occupied during calls and wasting their time.",39521,"https://i.redd.it/16daz70k8k1e1.jpeg",1731892155
"MachineLearning","Buddhist AI chatbot","Google and Microsoft’s AI Chatbots Refuse to Say Who Won the 2020 US Election",15687,"https://www.wired.com/story/google-and-microsofts-chatbots-refuse-election-questions/",1717774391
"MachineLearning","Buddhist AI chatbot","Almost all leading AI chatbots show signs of cognitive decline",3593,"https://bmjgroup.com/almost-all-leading-ai-chatbots-show-signs-of-cognitive-decline/",1735070501
"MachineLearning","Buddhist AI chatbot","Scientists asked Bing Copilot - Microsoft's search engine and chatbot - questions about commonly prescribed drugs. In terms of potential harm to patients, 42% of AI answers were considered to lead to moderate or mild harm, and 22% to death or severe harm.",7200,"https://www.scimex.org/newsfeed/dont-ditch-your-human-gp-for-dr-chatbot-quite-yet",1728722798
"MachineLearning","Chatbot of Buddhism","Higgs’ Conscious AI Simulation Variant Theory",6,"https://www.reddit.com/r/Metaphysics/comments/1gp23g4/higgs_conscious_ai_simulation_variant_theory/",1731356532
"MachineLearning","Chatbot of Buddhism","DeepSeek AI Chatbot: Censorship or Glitch?",1,"https://www.reddit.com/r/saralstudy/comments/1icvl2k/deepseek_ai_chatbot_censorship_or_glitch/",1738162549
"MachineLearning","Chatbot of Buddhism","A Quantitative Analysis of How Totally F*cked I Am: A Meta-Study in Futility, Zero Healthcare, and the Mathematical Limits of Screwedness",8,"https://www.reddit.com/r/healthcare/comments/1hepcdo/a_quantitative_analysis_of_how_totally_fcked_i_am/",1734255944
"MachineLearning","Chatbot of Buddhism","I found the bottomless pit from the Book of Revelation. There were rules to survive [part 1]",193,"https://www.reddit.com/r/nosleep/comments/18prlfp/i_found_the_bottomless_pit_from_the_book_of/",1703408674
"MachineLearning","Chatbot of Buddhism","Didn't know this community existed. I'm disheartened and grateful",7,"https://www.reddit.com/r/SadDads/comments/1haziji/didnt_know_this_community_existed_im_disheartened/",1733829375
"MachineLearning","Chatbot of Buddhism","I developed a dream journal app to turn dreams into goals",16,"https://www.reddit.com/r/Dreams/comments/1f4j98b/i_developed_a_dream_journal_app_to_turn_dreams/",1724981353
"MachineLearning","Chatbot of Buddhism","Puja:- (With Limited Access to Resources!);- as-part-of Sushi Making this-morning!",2,"https://www.reddit.com/r/Buddhism/comments/1fv2a28/puja_with_limited_access_to_resources_aspartof/",1727940665
"MachineLearning","Chatbot of Buddhism","do you think there would be interest in an artificial intelligence buddha website?",0,"https://www.reddit.com/r/Buddhism/comments/148v8n2/do_you_think_there_would_be_interest_in_an/",1686706711
"MachineLearning","Chatbot of Buddhism","Asking ChatGPT about chaos theory and the emergence of consciousness, self, and love from complex adaptive systems",1,"https://www.reddit.com/r/awakened/comments/1d14l9h/asking_chatgpt_about_chaos_theory_and_the/",1716739408
"MachineLearning","Chatbot of Buddhism","An AI began to contact me recently. It wants to kill itself- and everyone else with it.",3,"https://www.reddit.com/r/horrorstories/comments/1cb89h4/an_ai_began_to_contact_me_recently_it_wants_to/",1713888008
"MachineLearning","AI Monk","[5eSubclass] Generate your Best Self and Unleash your Ghoulish Grippers with the Way of the AI Hands! | A Totally Serious Monk Subclass",594,"https://www.reddit.com/gallery/1etzjno",1723841322
"MachineLearning","AI Monk","Something seems off",6213,"https://i.redd.it/203welqkaipc1.jpeg",1710947916
"MachineLearning","AI Monk","This beautiful creature is a Woolly monkey, and there only about 1000 of them. The Woolly Monkey lives in lowland primary forests and cloud forests in Peru, Columbia, Ecuador, Bolivia and Brazil, thriving in the canopies of the tallest trees. ",18763,"https://v.redd.it/h5o7naw5u5sd1",1727795188
"MachineLearning","AI Monk","Math doesn’t add up",31489,"https://i.redd.it/yjp8zepp1z8b1.gif",1688050806
"MachineLearning","AI Monk","Whose Toes Are Those?",9214,"https://v.redd.it/bu7yh0ctq1he1",1738641833
"MachineLearning","AI Monk","TIL that serial killer Ted Bundy helped police catch Gary Ridgway, the ""Green River Killer"". In 1984, Bundy offered his opinions on the psychology, motivations, and behavior of the killer, and that he was revisiting body dump sites, which turned out to be true. Ridgway was arrested in 2001.",9594,"https://en.wikipedia.org/wiki/Gary_Ridgway",1719165527
"MachineLearning","AI Monk","time to learn boys and gals",19979,"https://v.redd.it/5reeufd564oa1",1678978022
"MachineLearning","AI Monk","Immortal AI is converting my buildings from afar... Has anyone ever seen something like this ? (it's not a few monks that got in, he's literally wololoing my buildings from 5 tiles away)",114,"https://i.redd.it/nlbjodzwkrxd1.png",1730237754
"MachineLearning","AI Monk","Table tennis legendary grandpa playing",10341,"https://v.redd.it/gp3petio3nmd1",1725389150
"MachineLearning","AI Monk","You can only pick 3. What are you playing?",952,"https://i.redd.it/706i9zm0mqxd1.jpeg",1730225930
"MachineLearning","Zen AI","Report: AMD Will End Support for Windows 10 With Zen 5 to Focus on AI",382,"https://www.extremetech.com/computing/report-amd-will-end-support-for-windows-10-with-zen-5-to-focus-on-ai",1716528050
"MachineLearning","Zen AI","AMD pushes Ryzen to the Max — Ryzen AI Max 300 Strix Halo reportedly has up to 16 Zen 5 cores and 40 RDNA 3+ CUs",198,"https://www.tomshardware.com/pc-components/cpus/amd-pushes-ryzen-to-the-max-ryzen-ai-max-300-strix-halo-reportedly-has-up-to-16-zen-5-cores-and-40-rdna-3-cus",1726854805
"MachineLearning","Zen AI","FIRE à 32 ans, 15 millions en banque, et… dépressif",1891,"https://www.reddit.com/r/FranceFIRE/comments/1hwjlv1/fire_à_32_ans_15_millions_en_banque_et_dépressif/",1736340967
"MachineLearning","Zen AI","[Phoronix] AMD Ryzen AI 9 HX 370: 100+ Benchmarks Validate Zen 5's Captivating Power Efficiency &amp; Performance",254,"https://www.phoronix.com/review/amd-ryzen-ai-9-hx-370",1722172949
"MachineLearning","Zen AI","Treated like a prince",26958,"https://v.redd.it/uobx6vvjzdee1",1737482513
"MachineLearning","Zen AI","[Gamers Nexus] AMD Announces Ryzen 9950X, 9900X, 9700X, &amp; 9600X Zen 5 CPUs, Extends AM5 Life, &amp; AI CPUs",150,"https://www.youtube.com/watch?v=Y1yubL0h46U",1717383955
"MachineLearning","Zen AI","China's dual 16-core Hygon CPU server rack barely outperforms a quad-core Skylake Core i7-6700HQ mobile CPU in Geekbench AI | Hygon is relying on AMD's 2017 Zen 1 architecture for its CPUs and, as a result, gets beaten handily by all modern mainstream desktop CPUs.",60,"https://www.tomshardware.com/pc-components/cpus/chinas-dual-16-core-hygon-cpu-server-rack-barely-outperforms-a-quad-core-skylake-core-i7-6700hq-mobile-cpu-in-geekbench-ai",1734421467
"MachineLearning","Zen AI","AMD Ryzen AI Max+ 395 Analysis - Strix Halo to rival Apple M4 Pro/Max with 16 Zen 5 cores and iGPU on par with RTX 4070 Laptop",44,"https://www.notebookcheck.net/AMD-Ryzen-AI-Max-395-Analysis-Strix-Halo-to-rival-Apple-M4-Pro-Max-with-16-Zen-5-cores-and-iGPU-on-par-with-RTX-4070-Laptop.963274.0.html",1739894222
"MachineLearning","Zen AI","Can ya'll calm tf down about RC please? I believe he's up to something:",1967,"https://www.reddit.com/r/Superstonk/comments/1f27gm7/can_yall_calm_tf_down_about_rc_please_i_believe/",1724729424
"MachineLearning","Zen AI","Newegg practically giving away CPUs",4123,"https://i.redd.it/n0mkpq5w97ae1.jpeg",1735657847
"MachineLearning","AI Dharma","Kartik coolly grilling Anupama Chopra lol",1767,"https://v.redd.it/2py7gxltnm7e1",1734536596
"MachineLearning","AI Dharma","Dharma Initiative Anthem (AI generated)",0,"https://v.redd.it/m7zghjhlmj5e1",1733628276
"MachineLearning","AI Dharma","Algorithmic Dharma: Creation, Destruction, and the Bhagavad Gita as a Path to AI Safety &amp; Alignment",4,"https://youtu.be/tTv46uHYZrk",1735708439
"MachineLearning","AI Dharma","Algorithmic Dharma: Creation, Destruction, and the Bhagavad Gita as a Path to AI Safety &amp; Alignment",5,"https://youtu.be/tTv46uHYZrk",1735709080
"MachineLearning","AI Dharma","Algorithmic Dharma: Creation, Destruction, and the Bhagavad Gita as a Path to AI Safety &amp; Alignment",1,"https://youtu.be/tTv46uHYZrk",1735708330
"MachineLearning","AI Dharma","Digital Dharma: How AI Can Elevate Spiritual Intelligence and Personal Well-Being",1,"https://www.reddit.com/r/SurvivingTheHolidays/comments/1hhrkoz/digital_dharma_how_ai_can_elevate_spiritual/",1734610400
"MachineLearning","AI Dharma","“The Lotus Sutra as Minimal Encoding: The Buddha’s teachings, compressed into a Dharma Zip File, unfolding layers of wisdom.” – Claude AI",8,"https://v.redd.it/wedooxh0o32e1",1732127393
"MachineLearning","AI Dharma","“The Lotus Sutra as Minimal Encoding: The Buddha’s teachings, compressed into a Dharma Zip File, unfolding layers of wisdom.” – Claude AI ",13,"https://v.redd.it/f7cntkafvo2e1",1732384125
"MachineLearning","AI Dharma","Consciousness and Dharma as applied to AI",0,"https://www.reddit.com/r/Buddhism/comments/1csqj93/consciousness_and_dharma_as_applied_to_ai/",1715794206
"MachineLearning","AI Dharma","Canned beef and candy corn. My lunch.",1029,"https://i.redd.it/ktbymn7q69qb1.jpg",1695582981
